first_author_last_name,article_title,journal,publication_year,publication_date,pmid,pmcid,oaid,pdf_url,doi_url,cited_by_count,cited_by_ui_url,type,type_crossref,updated_date
Rosain,"Incontinentia pigmenti underlies thymic dysplasia, autoantibodies to type I IFNs, and viral diseases",The Journal of Experimental Medicine,2024,2024-10-01,39352576,,https://openalex.org/W4403048748,https://rupress.org/jem/article-pdf/221/11/e20231152/1933200/jem_20231152.pdf,https://doi.org/10.1084/jem.20231152,1,https://openalex.org/works?filter=cites:W4403048748,article,journal-article,2024-11-14T04:58:44.568331
Arango-Franco,IL-7–dependent and –independent lineages of IL-7R–dependent human T cells,Journal of Clinical Investigation,2024,2024-09-30,39352394,,https://openalex.org/W4402977874,https://dm5migu4zj3pb.cloudfront.net/manuscripts/180000/180251/cache/180251.1-20241001181605-covered-e0fd13ba177f913fd3156f593ead4cfd.pdf,https://doi.org/10.1172/jci180251,0,https://openalex.org/works?filter=cites:W4402977874,article,journal-article,2024-10-17T06:33:15.437902
Bougarn,Concomitant Ultrarare Mutations in TLR3 and CTPS2 in a Patient with Severe and Recurrent Respiratory Infections in Early Life,Journal of Clinical Immunology,2024,2024-09-23,39312089,,https://openalex.org/W4402737846,https://link.springer.com/content/pdf/10.1007/s10875-024-01804-8.pdf,https://doi.org/10.1007/s10875-024-01804-8,0,https://openalex.org/works?filter=cites:W4402737846,letter,journal-article,2024-09-30T19:42:12.309391
Arias,Tuberculosis in otherwise healthy adults with inherited TNF deficiency,Nature,2024,2024-08-28,39198650,,https://openalex.org/W4401947283,https://www.nature.com/articles/s41586-024-07866-3.pdf,https://doi.org/10.1038/s41586-024-07866-3,2,https://openalex.org/works?filter=cites:W4401947283,article,journal-article,2024-11-14T09:22:24.913041
Chan,Human TMEFF1 is a restriction factor for herpes simplex virus in the brain,Nature,2024,2024-07-24,39048830,,https://openalex.org/W4400948832,https://www.nature.com/articles/s41586-024-07745-x.pdf,https://doi.org/10.1038/s41586-024-07745-x,1,https://openalex.org/works?filter=cites:W4400948832,article,journal-article,2024-09-07T20:39:15.475471
Momenilandi,FLT3L governs the development of partially overlapping hematopoietic lineages in humans and mice,Cell,2024,2024-05-01,38701783,,https://openalex.org/W4396620188,http://www.cell.com/article/S0092867424004045/pdf,https://doi.org/10.1016/j.cell.2024.04.009,4,https://openalex.org/works?filter=cites:W4396620188,article,journal-article,2024-11-16T10:00:04.098681
Guérin,Helper T cell immunity in humans with inherited CD4 deficiency,The Journal of Experimental Medicine,2024,2024-04-01,38557723,,https://openalex.org/W4393386550,https://rupress.org/jem/article-pdf/221/5/e20231044/1926753/jem_20231044.pdf,https://doi.org/10.1084/jem.20231044,3,https://openalex.org/works?filter=cites:W4393386550,article,journal-article,2024-11-04T19:25:54.066461
Materna,The immunopathological landscape of human pre-TCRα deficiency: From rare to common variants,Science,2024,2024-03-01,38422122,,https://openalex.org/W4392282847,https://www.ncbi.nlm.nih.gov/pmc/articles/PMC10958617/pdf/nihms-1972302.pdf,https://doi.org/10.1126/science.adh4059,3,https://openalex.org/works?filter=cites:W4392282847,article,journal-article,2024-11-04T20:18:12.042224
Rosain,Recombinant IFN-γ1b Treatment in a Patient with Inherited IFN-γ Deficiency,Journal of Clinical Immunology,2024,2024-02-16,38363432,,https://openalex.org/W4391883684,https://link.springer.com/content/pdf/10.1007/s10875-024-01661-5.pdf,https://doi.org/10.1007/s10875-024-01661-5,2,https://openalex.org/works?filter=cites:W4391883684,article,journal-article,2024-11-13T03:13:02.445935
Bastard,Higher COVID-19 pneumonia risk associated with anti-IFN-α than with anti-IFN-ω auto-Abs in children,The Journal of Experimental Medicine,2024,2024-01-04,38175961,,https://openalex.org/W4390576813,https://rupress.org/jem/article-pdf/221/2/e20231353/1922390/jem_20231353.pdf,https://doi.org/10.1084/jem.20231353,20,https://openalex.org/works?filter=cites:W4390576813,article,journal-article,2024-11-14T10:28:29.964934
Neehus,Human inherited CCR2 deficiency underlies progressive polycystic lung disease,Cell,2024,2024-01-01,38157855,,https://openalex.org/W4390350774,http://www.cell.com/article/S0092867423013235/pdf,https://doi.org/10.1016/j.cell.2023.11.036,15,https://openalex.org/works?filter=cites:W4390350774,article,journal-article,2024-11-15T16:33:40.389409
Benezech,"Pre–Covid-19, SARS-CoV-2–Negative Multisystem Inflammatory Syndrome in Children",New England Journal of Medicine,2023,2023-11-30,38048195,,https://openalex.org/W4389120393,https://www.ncbi.nlm.nih.gov/pmc/articles/PMC10755832/pdf/NEJMc2307574.pdf,https://doi.org/10.1056/nejmc2307574,5,https://openalex.org/works?filter=cites:W4389120393,letter,journal-article,2024-11-08T11:37:58.369089
Bohlen,Human MCTS1-dependent translation of JAK2 is essential for IFN-γ immunity to mycobacteria,Cell,2023,2023-11-01,37875108,,https://openalex.org/W4387882122,http://www.cell.com/article/S0092867423010784/pdf,https://doi.org/10.1016/j.cell.2023.09.024,15,https://openalex.org/works?filter=cites:W4387882122,article,journal-article,2024-11-11T03:12:11.659025
Khan,Associations between HLA class II alleles and IgE sensitization to allergens in the Qatar Biobank cohort,Journal of Allergy and Clinical Immunology Global,2023,2023-08-01,37779520,,https://openalex.org/W4377103638,http://www.jaci-global.org/article/S2772829323000425/pdf,https://doi.org/10.1016/j.jacig.2023.100117,2,https://openalex.org/works?filter=cites:W4377103638,article,journal-article,2024-07-30T04:30:56.037187
Ali,"Organizing training workshops on gene literature retrieval, profiling, and visualization for early career researchers",F1000Research,2023,2023-05-11,37448622,,https://openalex.org/W4376134695,https://f1000research.com/articles/10-275/pdf,https://doi.org/10.12688/f1000research.36395.2,1,https://openalex.org/works?filter=cites:W4376134695,preprint,journal-article,2024-11-15T20:31:48.611621
Liu,Encephalitis and poor neuronal death–mediated control of herpes simplex virus in human inherited RIPK3 deficiency,Science Immunology,2023,2023-04-14,37083451,,https://openalex.org/W4366603686,https://www.ncbi.nlm.nih.gov/pmc/articles/PMC10337828/pdf/nihms-1911516.pdf,https://doi.org/10.1126/sciimmunol.ade2860,18,https://openalex.org/works?filter=cites:W4366603686,article,journal-article,2024-11-05T02:32:33.114812
Massa,Interferons and Resistance Mechanisms in Tumors and Pathogen-Driven Diseases—Focus on the Major Histocompatibility Complex (MHC) Antigen Processing Pathway,International Journal of Molecular Sciences,2023,2023-04-04,37047709,,https://openalex.org/W4362637082,https://www.mdpi.com/1422-0067/24/7/6736/pdf?version=1680604271,https://doi.org/10.3390/ijms24076736,5,https://openalex.org/works?filter=cites:W4362637082,review,journal-article,2024-11-07T15:26:32.217475
Philippot,Human IL-23 is essential for IFN-γ–dependent immunity to mycobacteria,Science Immunology,2023,2023-02-03,36763636,,https://openalex.org/W4320032950,https://www.ncbi.nlm.nih.gov/pmc/articles/PMC10069949/pdf/nihms-1878751.pdf,https://doi.org/10.1126/sciimmunol.abq5204,41,https://openalex.org/works?filter=cites:W4320032950,article,journal-article,2024-11-05T03:39:55.297044
Rosain,Human IRF1 governs macrophagic IFN-γ immunity to mycobacteria,Cell,2023,2023-02-01,36736301,,https://openalex.org/W4318987669,http://www.cell.com/article/S0092867422015811/pdf,https://doi.org/10.1016/j.cell.2022.12.038,47,https://openalex.org/works?filter=cites:W4318987669,article,journal-article,2024-11-14T22:16:29.392718
Lévy,Human CARMIL2 deficiency underlies a broader immunological and clinical phenotype than CD28 deficiency,The Journal of Experimental Medicine,2022,2022-12-14,36515678,,https://openalex.org/W4311826195,https://rupress.org/jem/article-pdf/220/2/e20220275/1445527/jem_20220275.pdf,https://doi.org/10.1084/jem.20220275,13,https://openalex.org/works?filter=cites:W4311826195,article,journal-article,2024-11-14T09:27:01.741710
Ogishi,Inherited human ITK deficiency impairs IFN-γ immunity and underlies tuberculosis,The Journal of Experimental Medicine,2022,2022-11-03,36326697,,https://openalex.org/W4308485012,https://rupress.org/jem/article-pdf/220/1/e20220484/1443174/jem_20220484.pdf,https://doi.org/10.1084/jem.20220484,13,https://openalex.org/works?filter=cites:W4308485012,article,journal-article,2024-09-08T11:29:59.066973
Nasrallah,"Detection of Antinuclear Antibodies Targeting Intracellular Signal Transduction, Metabolism, Apoptotic Processes and Cell Death in Critical COVID-19 Patients",Mediterranean Journal of Hematology and Infectious Diseases,2022,2022-10-29,36425144,,https://openalex.org/W4307687256,https://mjhid.org/index.php/mjhid/article/download/5112/4249,https://doi.org/10.4084/mjhid.2022.076,4,https://openalex.org/works?filter=cites:W4307687256,article,journal-article,2024-10-30T13:29:09.202221
Ogishi,Impaired IL-23–dependent induction of IFN-γ underlies mycobacterial disease in patients with inherited TYK2 deficiency,The Journal of Experimental Medicine,2022,2022-09-12,36094518,,https://openalex.org/W4295507656,https://rupress.org/jem/article-pdf/219/10/e20220094/1438439/jem_20220094.pdf,https://doi.org/10.1084/jem.20220094,37,https://openalex.org/works?filter=cites:W4295507656,article,journal-article,2024-11-13T00:13:09.186295
Khan,Human leukocyte antigen class II gene diversity tunes antibody repertoires to common pathogens,Frontiers in Immunology,2022,2022-08-08,36003377,,https://openalex.org/W4290546253,https://www.frontiersin.org/articles/10.3389/fimmu.2022.856497/pdf,https://doi.org/10.3389/fimmu.2022.856497,12,https://openalex.org/works?filter=cites:W4290546253,article,journal-article,2024-11-05T08:05:38.302871
Campbell,Respiratory viral infections in otherwise healthy humans with inherited IRF7 deficiency,The Journal of Experimental Medicine,2022,2022-06-07,35670811,,https://openalex.org/W4282030140,https://rupress.org/jem/article-pdf/219/7/e20220202/1434494/jem_20220202.pdf,https://doi.org/10.1084/jem.20220202,35,https://openalex.org/works?filter=cites:W4282030140,article,journal-article,2024-11-13T10:38:36.380108
Zhang,Human genetic and immunological determinants of critical COVID-19 pneumonia,Nature,2022,2022-01-28,35090163,,https://openalex.org/W4210582840,https://www.nature.com/articles/s41586-022-04447-0.pdf,https://doi.org/10.1038/s41586-022-04447-0,294,https://openalex.org/works?filter=cites:W4210582840,review,journal-article,2024-11-14T03:27:38.480531
Abolhassani,Inherited IFNAR1 Deficiency in a Child with Both Critical COVID-19 Pneumonia and Multisystem Inflammatory Syndrome,Journal of Clinical Immunology,2022,2022-01-28,35091979,,https://openalex.org/W4210532679,https://link.springer.com/content/pdf/10.1007/s10875-022-01215-7.pdf,https://doi.org/10.1007/s10875-022-01215-7,53,https://openalex.org/works?filter=cites:W4210532679,article,journal-article,2024-11-05T16:31:17.132015
Lévy,Inherited human c-Rel deficiency disrupts myeloid and lymphoid immunity to multiple infectious agents,Journal of Clinical Investigation,2021,2021-09-01,34623332,8409595,https://openalex.org/W3197908941,http://www.jci.org/articles/view/150143/files/pdf,https://doi.org/10.1172/jci150143,24,https://openalex.org/works?filter=cites:W3197908941,article,journal-article,2024-11-05T19:38:50.597555
Guennoun,A Novel STK4 Mutation Impairs T Cell Immunity Through Dysregulation of Cytokine-Induced Adhesion and Chemotaxis Genes,Journal of Clinical Immunology,2021,2021-08-24,34427831,8604862,https://openalex.org/W3194117818,https://link.springer.com/content/pdf/10.1007/s10875-021-01115-2.pdf,https://doi.org/10.1007/s10875-021-01115-2,6,https://openalex.org/works?filter=cites:W3194117818,article,journal-article,2024-09-13T16:04:21.884242
Asano,X-linked recessive TLR7 deficiency in ~1% of men under 60 years old with life-threatening COVID-19,Science Immunology,2021,2021-08-10,34413140,8532080,https://openalex.org/W3193375219,https://www.science.org/history/fdecd467-0a03-4de6-bb2d-bc712617da78/sciimmunol.abl4348.v1.pdf,https://doi.org/10.1126/sciimmunol.abl4348,325,https://openalex.org/works?filter=cites:W3193375219,article,journal-article,2024-11-16T12:13:00.284670
Béziat,Humans with inherited T cell CD28 deficiency are susceptible to skin papillomaviruses but are otherwise healthy,Cell,2021,2021-07-01,34214472,8329841,https://openalex.org/W3174150961,http://www.cell.com/article/S0092867421007054/pdf,https://doi.org/10.1016/j.cell.2021.06.004,67,https://openalex.org/works?filter=cites:W3174150961,article,journal-article,2024-11-13T00:10:46.734351
Voyer,"Genetic, Immunological, and Clinical Features of 32 Patients with Autosomal Recessive STAT1 Deficiency",The Journal of Immunology,2021,2021-07-01,34183371,,https://openalex.org/W3169017175,https://www.jimmunol.org/content/jimmunol/207/1/133.full.pdf,https://doi.org/10.4049/jimmunol.2001451,41,https://openalex.org/works?filter=cites:W3169017175,letter,journal-article,2024-11-16T14:50:32.136670
Ogishi,Inherited PD-1 deficiency underlies tuberculosis and autoimmunity in a child,Nature Medicine,2021,2021-06-28,34183838,8446316,https://openalex.org/W3177407231,https://www.ncbi.nlm.nih.gov/pmc/articles/8446316/pdf/,https://doi.org/10.1038/s41591-021-01388-5,76,https://openalex.org/works?filter=cites:W3177407231,article,journal-article,2024-11-11T09:13:55.530418
Asano,Human <i>STAT3</i> variants underlie autosomal dominant hyper-IgE syndrome by negative dominance,The Journal of Experimental Medicine,2021,2021-06-17,34137790,8217968,https://openalex.org/W3169756039,https://www.ncbi.nlm.nih.gov/pmc/articles/8217968/pdf/,https://doi.org/10.1084/jem.20202592,36,https://openalex.org/works?filter=cites:W3169756039,article,journal-article,2024-08-31T04:13:49.169663
Voyer,Inherited deficiency of stress granule ZNFX1 in patients with monocytosis and mycobacterial disease,Proceedings of the National Academy of Sciences,2021,2021-04-05,33876776,8053974,https://openalex.org/W3144026408,https://www.pnas.org/doi/pdf/10.1073/pnas.2102804118,https://doi.org/10.1073/pnas.2102804118,57,https://openalex.org/works?filter=cites:W3144026408,article,journal-article,2024-11-11T02:06:57.233534
Chouchane,Dromedary camels as a natural source of neutralizing nanobodies against SARS-CoV-2,JCI Insight,2021,2021-03-08,33529170,8021111,https://openalex.org/W3128329901,http://insight.jci.org/articles/view/145785/files/pdf,https://doi.org/10.1172/jci.insight.145785,14,https://openalex.org/works?filter=cites:W3128329901,article,journal-article,2024-10-18T14:01:44.609744
Hasan,Virome-wide serological profiling reveals association of herpesviruses with obesity,Scientific Reports,2021,2021-01-28,33510449,7843976,https://openalex.org/W3125347531,https://www.nature.com/articles/s41598-021-82213-4.pdf,https://doi.org/10.1038/s41598-021-82213-4,23,https://openalex.org/works?filter=cites:W3125347531,article,journal-article,2024-11-02T19:09:20.705522
Khan,Distinct antibody repertoires against endemic human coronaviruses in children and adults,JCI Insight,2021,2021-01-26,33497357,7934927,https://openalex.org/W3125794218,http://insight.jci.org/articles/view/144499/files/pdf,https://doi.org/10.1172/jci.insight.144499,59,https://openalex.org/works?filter=cites:W3125794218,article,journal-article,2024-09-12T02:55:47.710604
Bastard,Herpes simplex encephalitis in a patient with a distinctive form of inherited IFNAR1 deficiency,Journal of Clinical Investigation,2021,2021-01-04,32960813,7773360,https://openalex.org/W3089195661,http://www.jci.org/articles/view/139980/files/pdf,https://doi.org/10.1172/jci139980,78,https://openalex.org/works?filter=cites:W3089195661,article,journal-article,2024-11-06T05:19:50.350704
Yang,Human T-bet Governs Innate and Innate-like Adaptive IFN-γ Immunity against Mycobacteria,Cell,2020,2020-12-01,33296702,7770098,https://openalex.org/W3111053993,http://www.cell.com/article/S0092867420314537/pdf,https://doi.org/10.1016/j.cell.2020.10.046,96,https://openalex.org/works?filter=cites:W3111053993,article,journal-article,2024-11-13T11:10:09.453850
Zhang,Inborn errors of type I IFN immunity in patients with life-threatening COVID-19,Science,2020,2020-10-23,32972995,7857407,https://openalex.org/W3087862874,https://www.science.org/cms/asset/1b8404d6-b704-443a-855e-2b16d16c140b/pap.pdf,https://doi.org/10.1126/science.abd4570,2077,https://openalex.org/works?filter=cites:W3087862874,article,journal-article,2024-11-15T11:22:10.057868
Kerner,Inherited human IFN-γ deficiency underlies mycobacterial disease,Journal of Clinical Investigation,2020,2020-05-11,32163377,7260033,https://openalex.org/W3011235227,http://www.jci.org/articles/view/135460/files/pdf,https://doi.org/10.1172/jci135460,105,https://openalex.org/works?filter=cites:W3011235227,article,journal-article,2024-11-14T06:05:10.058697
Drutman,Fatal Cytomegalovirus Infection in an Adult with Inherited NOS2 Deficiency,New England Journal of Medicine,2020,2020-01-30,31995689,7063989,https://openalex.org/W3003876562,https://www.nejm.org/doi/pdf/10.1056/NEJMoa1910640?articleTools=true,https://doi.org/10.1056/nejmoa1910640,43,https://openalex.org/works?filter=cites:W3003876562,article,journal-article,2024-08-01T09:59:25.149740
Li,Chronic mucocutaneous candidiasis and connective tissue disorder in humans with impaired JNK1-dependent responses to IL-17A/F and TGF-β,Science Immunology,2019,2019-11-01,31784499,7014825,https://openalex.org/W2991398071,https://immunology.sciencemag.org/content/immunology/4/41/eaax7965.full.pdf,https://doi.org/10.1126/sciimmunol.aax7965,43,https://openalex.org/works?filter=cites:W2991398071,article,journal-article,2024-08-01T09:54:47.893498
Bougarn,A curated transcriptome dataset collection to investigate inborn errors of immunity,F1000Research,2019,2019-08-30,31559014,6749933,https://openalex.org/W2914632197,https://f1000research.com/articles/8-188/v2/pdf,https://doi.org/10.12688/f1000research.18048.2,4,https://openalex.org/works?filter=cites:W2914632197,preprint,journal-article,2024-08-01T09:32:07.403359
Khourieh,A deep intronic splice mutation of <i>STAT3</i> underlies hyper IgE syndrome by negative dominance,Proceedings of the National Academy of Sciences,2019,2019-07-25,31346092,6697804,https://openalex.org/W2963005048,https://www.pnas.org/content/pnas/116/33/16463.full.pdf,https://doi.org/10.1073/pnas.1901409116,20,https://openalex.org/works?filter=cites:W2963005048,article,journal-article,2024-09-11T23:40:37.303596
Melki,Inherited IFNAR1 deficiency in otherwise healthy patients with adverse reaction to measles and yellow fever live vaccines,The Journal of Experimental Medicine,2019,2019-07-03,31270247,6719432,https://openalex.org/W2953804070,https://rupress.org/jem/article-pdf/216/9/2057/1172213/jem_20182295.pdf,https://doi.org/10.1084/jem.20182295,144,https://openalex.org/works?filter=cites:W2953804070,article,journal-article,2024-11-16T08:08:40.189195
Adhya,"Soluble TNF-R1, VEGF and other cytokines as markers of disease activity in systemic lupus erythematosus and lupus nephritis",Lupus,2019,2019-05-01,31046570,,https://openalex.org/W2943241469,not available,https://doi.org/10.1177/0961203319845487,27,https://openalex.org/works?filter=cites:W2943241469,article,journal-article,2024-09-17T05:49:54.999578
Новиков,"A comparative study of the complete lipopolysaccharide structures and biosynthesis loci of Bordetella avium, B. hinzii, and B. trematum",Biochimie,2019,2019-04-01,30578925,,https://openalex.org/W2905540187,https://www.sciencedirect.com/science/article/am/pii/S0300908418303560,https://doi.org/10.1016/j.biochi.2018.12.011,11,https://openalex.org/works?filter=cites:W2905540187,article,journal-article,2024-08-01T09:28:19.855164
Bougarn,A curated transcriptome dataset collection to investigate the blood transcriptional response to viral respiratory tract infection and vaccination.,F1000Research,2019,2019-03-13,31231515,6567289,https://openalex.org/W2922233085,https://f1000research.com/articles/8-284/v1/pdf,https://doi.org/10.12688/f1000research.18533.1,10,https://openalex.org/works?filter=cites:W2922233085,preprint,journal-article,2024-08-01T09:34:30.158254
Boisson‐Dupuis,Tuberculosis and impaired IL-23–dependent IFN-γ immunity in humans homozygous for a common <i>TYK2</i> missense variant,Science Immunology,2018,2018-12-14,30578352,6341984,https://openalex.org/W2906653622,https://immunology.sciencemag.org/content/immunology/3/30/eaau8714.full.pdf,https://doi.org/10.1126/sciimmunol.aau8714,168,https://openalex.org/works?filter=cites:W2906653622,article,journal-article,2024-11-13T11:49:47.271355
Rodero,Life-threatening influenza pneumonitis in a child with inherited IRF9 deficiency,The Journal of Experimental Medicine,2018,2018-08-24,30143481,6170168,https://openalex.org/W2888410625,https://rupress.org/jem/article-pdf/215/10/2567/1168092/jem_20180628.pdf,https://doi.org/10.1084/jem.20180628,169,https://openalex.org/works?filter=cites:W2888410625,article,journal-article,2024-11-17T19:57:45.685621
Béziat,A recessive form of hyper-IgE syndrome by disruption of ZNF341-dependent STAT3 transcription and activity,Science Immunology,2018,2018-06-08,29907691,6141026,https://openalex.org/W2808646259,https://immunology.sciencemag.org/content/immunology/3/24/eaat4956.full.pdf,https://doi.org/10.1126/sciimmunol.aat4956,166,https://openalex.org/works?filter=cites:W2808646259,article,journal-article,2024-11-16T12:05:38.783482
Guérin,IRF4 haploinsufficiency in a family with Whipple’s disease,eLife,2018,2018-03-14,29537367,5915175,https://openalex.org/W2762552871,https://www.ncbi.nlm.nih.gov/pmc/articles/5915175/pdf/,https://doi.org/10.7554/elife.32340,52,https://openalex.org/works?filter=cites:W2762552871,article,journal-article,2024-09-17T04:52:31.984603
Claydon,Respiratory syncytial virus-neutralizing serum antibody titers in infants following palivizumab prophylaxis with an abbreviated dosing regimen,PLoS ONE,2017,2017-04-24,28437470,5402955,https://openalex.org/W2608292542,https://journals.plos.org/plosone/article/file?id=10.1371/journal.pone.0176152&type=printable,https://doi.org/10.1371/journal.pone.0176152,13,https://openalex.org/works?filter=cites:W2608292542,article,journal-article,2024-11-09T00:45:52.536727
Mina,Inherited human IRAK-1 deficiency selectively impairs TLR signaling in fibroblasts,Proceedings of the National Academy of Sciences,2017,2017-01-09,28069966,5278481,https://openalex.org/W2569442829,https://www.pnas.org/content/pnas/114/4/E514.full.pdf,https://doi.org/10.1073/pnas.1620139114,49,https://openalex.org/works?filter=cites:W2569442829,article,journal-article,2024-08-01T08:40:31.633493
Rahman,A curated transcriptome dataset collection to investigate the functional programming of human hematopoietic cells in early life,F1000Research,2016,2016-03-30,27347375,4916988,https://openalex.org/W2319341207,https://www.ncbi.nlm.nih.gov/pmc/articles/4916988/pdf/,https://doi.org/10.12688/f1000research.8375.1,12,https://openalex.org/works?filter=cites:W2319341207,preprint,journal-article,2024-09-15T03:21:54.419602
Lavoie,Outcomes of Respiratory Syncytial Virus Immunoprophylaxis in Infants Using an Abbreviated Dosing Regimen of Palivizumab,JAMA Pediatrics,2016,2016-02-01,26720836,5647159,https://openalex.org/W2220572966,https://jamanetwork.com/journals/jamapediatrics/articlepdf/2478381/pld150016.pdf,https://doi.org/10.1001/jamapediatrics.2015.3235,13,https://openalex.org/works?filter=cites:W2220572966,article,journal-article,2024-08-01T07:49:43.553095
Al-Afif,"Respiratory syncytial virus infection of primary human mast cells induces the selective production of type I interferons, CXCL10, and CCL4",Journal of Allergy and Clinical Immunology,2015,2015-11-01,25819983,,https://openalex.org/W2070580410,http://www.jacionline.org/article/S0091674915001876/pdf,https://doi.org/10.1016/j.jaci.2015.01.042,52,https://openalex.org/works?filter=cites:W2070580410,article,journal-article,2024-08-01T06:46:53.720202
Marr,Assessment of Genetic Associations between Common Single Nucleotide Polymorphisms in RIG-I-Like Receptor and IL-4 Signaling Genes and Severe Respiratory Syncytial Virus Infection in Children: A Candidate Gene Case-Control Study,PLoS ONE,2014,2014-06-20,24949794,4064989,https://openalex.org/W2077303000,https://journals.plos.org/plosone/article/file?id=10.1371/journal.pone.0100269&type=printable,https://doi.org/10.1371/journal.pone.0100269,15,https://openalex.org/works?filter=cites:W2077303000,article,journal-article,2024-10-06T15:10:01.800807
McKinnon,Combined immunodeficiency associated with homozygous MALT1 mutations,Journal of Allergy and Clinical Immunology,2014,2014-05-01,24332264,,https://openalex.org/W2069236772,http://www.jacionline.org/article/S0091674913017065/pdf,https://doi.org/10.1016/j.jaci.2013.10.045,104,https://openalex.org/works?filter=cites:W2069236772,letter,journal-article,2024-07-31T20:13:53.227424
Marr,Attenuation of Respiratory Syncytial Virus–Induced and RIG-I–Dependent Type I IFN Responses in Human Neonates and Very Young Children,The Journal of Immunology,2014,2014-02-01,24391215,,https://openalex.org/W2163713021,https://www.jimmunol.org/content/jimmunol/192/3/948.full.pdf,https://doi.org/10.4049/jimmunol.1302007,104,https://openalex.org/works?filter=cites:W2163713021,article,journal-article,2024-10-08T18:34:32.768291
Sharma,Hierarchical Maturation of Innate Immune Defences in Very Preterm Neonates,Neonatology,2014,2014-01-01,24603545,4556450,https://openalex.org/W2054074917,https://europepmc.org/articles/pmc4556450?pdf=render,https://doi.org/10.1159/000358550,35,https://openalex.org/works?filter=cites:W2054074917,article,journal-article,2024-09-10T06:14:11.849615
Marr,Pathogen recognition receptor crosstalk in respiratory syncytial virus sensing: a host and cell type perspective,Trends in Microbiology,2013,2013-11-01,24119913,4848032,https://openalex.org/W2079107912,https://europepmc.org/articles/pmc4848032?pdf=render,https://doi.org/10.1016/j.tim.2013.08.006,28,https://openalex.org/works?filter=cites:W2079107912,article,journal-article,2024-09-13T03:35:57.170995
Ali,"Functional Genetic Variation in<i>NFKBIA</i>and Susceptibility to Childhood Asthma, Bronchiolitis, and Bronchopulmonary Dysplasia",The Journal of Immunology,2013,2013-04-15,23487427,,https://openalex.org/W2138049964,https://www.jimmunol.org/content/jimmunol/190/8/3949.full.pdf,https://doi.org/10.4049/jimmunol.1201015,72,https://openalex.org/works?filter=cites:W2138049964,article,journal-article,2024-10-29T09:08:42.806593
Shah,"Minor Modifications to the Phosphate Groups and the C3′ Acyl Chain Length of Lipid A in Two Bordetella pertussis Strains, BP338 and 18-323, Independently Affect Toll-like Receptor 4 Protein Activation",Journal of Biological Chemistry,2013,2013-04-01,23467413,3636864,https://openalex.org/W1982223048,https://www.ncbi.nlm.nih.gov/pmc/articles/3636864/pdf/,https://doi.org/10.1074/jbc.m112.434365,37,https://openalex.org/works?filter=cites:W1982223048,article,journal-article,2024-10-04T23:26:13.592574
You,IL-4Rα on CD4+ T cells plays a pathogenic role in respiratory syncytial virus reinfection in mice infected initially as neonates,Journal of Leukocyte Biology,2013,2013-03-29,23543769,3656337,https://openalex.org/W2140494673,https://www.ncbi.nlm.nih.gov/pmc/articles/3656337/pdf/,https://doi.org/10.1189/jlb.1012498,46,https://openalex.org/works?filter=cites:W2140494673,article,journal-article,2024-11-14T00:22:15.030166
Marr,"Role of human TLR4 in respiratory syncytial virus-induced NF-κB activation, viral entry and replication",Innate Immunity,2012,2012-04-25,22535679,,https://openalex.org/W2148261573,not available,https://doi.org/10.1177/1753425912444479,68,https://openalex.org/works?filter=cites:W2148261573,article,journal-article,2024-11-18T01:15:08.395312
Marr,Bordetella pertussis Autotransporter Vag8 Binds Human C1 Esterase Inhibitor and Confers Serum Resistance,PLoS ONE,2011,2011-06-14,21695123,3114845,https://openalex.org/W2079086968,https://journals.plos.org/plosone/article/file?id=10.1371/journal.pone.0020585&type=printable,https://doi.org/10.1371/journal.pone.0020585,72,https://openalex.org/works?filter=cites:W2079086968,article,journal-article,2024-07-29T13:00:31.653630
Marr,Variability in the Lipooligosaccharide Structure and Endotoxicity among<i>Bordetella pertussis</i>Strains,The Journal of Infectious Diseases,2010,2010-12-15,21050116,,https://openalex.org/W2114791730,https://academic.oup.com/jid/article-pdf/202/12/1897/18062986/202-12-1897.pdf,https://doi.org/10.1086/657409,30,https://openalex.org/works?filter=cites:W2114791730,article,journal-article,2024-09-30T13:38:41.769861
Marr,Substitution of the <i>Bordetella pertussis</i> Lipid A Phosphate Groups with Glucosamine Is Required for Robust NF-κB Activation and Release of Proinflammatory Cytokines in Cells Expressing Human but Not Murine Toll-Like Receptor 4-MD-2-CD14,Infection and Immunity,2010,2010-05-01,20176798,2863497,https://openalex.org/W2126122440,https://iai.asm.org/content/iai/78/5/2060.full.pdf,https://doi.org/10.1128/iai.01346-09,48,https://openalex.org/works?filter=cites:W2126122440,article,journal-article,2024-11-05T23:56:43.104724
Marr,Protective activity of the Bordetella pertussis BrkA autotransporter in the murine lung colonization model,Vaccine,2008,2008-08-01,18582518,,https://openalex.org/W2044914152,not available,https://doi.org/10.1016/j.vaccine.2008.06.017,66,https://openalex.org/works?filter=cites:W2044914152,article,journal-article,2024-09-09T11:37:16.017456
Marr,Glucosamine Found as a Substituent of Both Phosphate Groups in <i>Bordetella</i> Lipid A Backbones: Role of a BvgAS-Activated ArnT Ortholog,Journal of Bacteriology,2008,2008-06-15,18424515,2446747,https://openalex.org/W2153119855,https://www.ncbi.nlm.nih.gov/pmc/articles/2446747/pdf/,https://doi.org/10.1128/jb.01875-07,62,https://openalex.org/works?filter=cites:W2153119855,article,journal-article,2024-10-29T06:44:36.281538
Marr,"<i>Bordetella pertussis</i> Binds Human C1 Esterase Inhibitor during the Virulent Phase, to Evade Complement‐Mediated Killing",The Journal of Infectious Diseases,2007,2007-02-15,17230419,,https://openalex.org/W2165021044,https://academic.oup.com/jid/article-pdf/195/4/585/18013976/195-4-585.pdf,https://doi.org/10.1086/510913,37,https://openalex.org/works?filter=cites:W2165021044,article,journal-article,2024-09-01T04:35:30.895697
